{
	"version": 1,
	"settings": {
		"color": {
			"palette": [
				{
					"name": "black",
					"slug": "black",
					"color": "#242424"
				},
				{
					"name": "gray",
					"slug": "gray",
					"color": "#E6E6E6"
				},
				{
					"name": "gray-light",
					"slug": "gray-light",
					"color": "#F2F2F2"
				},
				{
					"name": "gray-medium",
					"slug": "gray-medium",
					"color": "#EBEAEA"
				},
				{
					"name": "gray-dark",
					"slug": "gray-dark",
					"color": "##BFBFBF"
				},
				{
					"name": "white",
					"slug": "white",
					"color": "#fff"
				},
				{
					"name": "blue",
					"slug": "blue",
					"color": "#00CFF8"
				},
				{
					"name": "blue-dark",
					"slug": "blue-dark",
					"color": "#003964"
				},
				{
					"name": "blue-medium",
					"slug": "blue-medium",
					"color": "#007CB5"
				},
				{
					"name": "salmon",
					"slug": "salmon",
					"color": "#FF6565"
				},
				{
					"name": "pink",
					"slug": "pink",
					"color": "#E73A4B"
				},
				{
					"name": "purple",
					"slug": "purple",
					"color": "#625AED"
				}
			],
			"gradients": [
				{
					"slug": "dark-blue",
					"gradient": "linear-gradient(135deg,rgb(254,205,165) 0%,rgb(254,45,45) 50%,rgb(107,0,62) 100%)",
					"name": "Dark Blue"
				}
			]
		},
		"typography": {
			"fontFamilies": [
				{
					"fontFamily": "Silka Regular, sans-seri",
					"slug": "silka-regular",
					"name": "Silka Regular"
				},
				{
					"fontFamily": "'Silka Bold, sans-serif",
					"slug": "'silka-bold",
					"name": "Silka Bold"
				},
				{
					"fontFamily": "Silka Semibold, sans-serif",
					"slug": "silka-semibold",
					"name": "Silka Semibold"
				},
				{
					"fontFamily": "Silka Medium, sans-serif",
					"slug": "silka-medium",
					"name": "Silka Medium"
				},
				{
					"fontFamily": "Silka Light, sans-serif",
					"slug": "silka-light",
					"name": "Silka LIght"
				}
			],
			"fontSizes": [
				{
					"slug": "normal",
					"size": "16px",
					"name": "Normal"
				},
				{
					"slug": "medium",
					"size": "24px",
					"name": "Medium"
				},
				{
					"slug": "big",
					"size": "32px",
					"name": "Big"
				}
			]
		}
	}
}
